Organization
30 Madison
54gene
Aalto University 
Aarsol Private Limited
Academic Data Science Alliance
Academic Data Science Alliance
Accelerate Biopharma
Adnet Systems Inc
Agile BioFoundry
AIM
Air Force Research Lab
Alfred P. Sloan Foundation
Allen Institute
Allen Institute for Brain Science
Allsafe GMBH
Am a student at Novena University 
Amazon
Amazon
Amazon Web Services
Amazon Web Services
Amazon Web Services
"Amazon Web Services, Inc."
Amazon.com
Amsterdam UMC
Apex 974 LLC
Applied Materials 
Applied Materials INC
Argonne National Lab
Argonne National Lab
Argonne National Lab 
Argonne National Lab.
Argonne National Laboratory
Argonne National Laboratory
Argonne National Laboratory
Argonne National Laboratory
Argonne National Laboratory
Argonne National Laboratory
Argonne National Laboratory
Argonne National Laboratory
Argonne National Laboratory
Argonne National Laboratory
Argonne National Laboratory
Argonne National Laboratory
Argonne National Laboratory
Argonne National Laboratory
Argonne National Laboratory
Argonne National Laboratory
Argonne National Laboratory
Argonne National Laboratory
Argonne National Laboratory 
Arizona State University
Arizona State University
Arizona State University
Arizona State University
Arizona State University
Arizona State University
Arizona State University
Arizona State University
Arizona State University
Arizona State University
Arizona State University
Arizona State University
Arizona State University
Arizona State University
Arizona State University
Arizona State University
Art+Logic
ASU
ASU
ASU
Atomwise
Austin Peay State University
Australian National University
Australian National University
Australian Research Data Commons
Autodesk
Avanade
AWS
Bambee
Bayesic Research
Baylor College of Medicine
Berkeley Lab
"Bev Corwin, Consultant"
Bill and Melinda Gates Foundation
Bill and Melinda Gates Foundation
Binghamton University
BioTeam
Bloomberg LP
Boise State University
Boise State University
Boise State University
Boise State University
Boise State University
Boise State University
Boise State University
Boise State University 
Boston 
Boston University
Boston University
Brac University
Brandeis University
Brigham and Women's Hospital
Brigham Young University - Idaho
Broad Institute
Broad Institute
Broad Institute of MIT and Harvard
Broad Institute of MIT and Harvard
Broad Institute of MIT and Harvard
Brookhaven National Laboratory
Brookhaven National Laboratory
Brookhaven National Laboratory 
Brookhaven National Laboratory 
Brown
Brown University
Brown University
Brown University
Brown University
Brown University
Brown University
Brown University
Brown University
Brown University
Brown University
Brown University
Brown University
Brown University
Brown University
Brown University
Brown University
Brown University
Brown University
Brown University
Brown University
Brown University
Brown University 
Brown University 
"Cal State University, Fullerton "
California Institute of Technology
California Institute of Technology
California Institute of Technology
California Institute of Technology
California Medical Innovations Institute
California Medical Innovations Institute
"California Polytechnic University, Pomona"
California State Library
"California State University, Fullerton"
"California State University, Northridge"
Caltech
Caltech
Caltech
Caltech
Caltech
Caltech
Caltech
Caltech
Caltech
Caltech
Caltech
Caltech/IPAC
Carnegie Mellon University
Carnegie Mellon University
Carnegie Mellon University
Carnegie Mellon University
Carnegie Mellon University
Carnegie Mellon University
Carnegie Mellon University
Carnegie Mellon University 
CASC
Catalogic Software
Catalyst Cooperative
CEA Saclay
Cellular Tracking Technologies
Center for Open Science
"Center for Security and Emerging Technology, Georgetown University"
Central China Normal University
Central Connecticut State University
CERN
CFD Research Corporation
Chalmers University of Technology
Champalimaud Center for the Unknown
Chapman University
Chicago HOPES for Kids
Childrens Hospital of Philadelphia
Christopher Newport University
CIRA
Cirrus AI
Citi
Citrine Informatics
Citrine Informatics
City College of San Francisco
Clarkson University
Clarkson University
Clemson University
Clemson University
Clemson University
Cleveland Clinic
CMU
Code for Science and Society
Code for Thought podcast
"Cohere Consulting, LLC"
Colorado School of Mines
Colorado School of Mines
Colorado State University
Colorado State University 
Colorado State Univesity
Columbia University
Columbia University
Columbia University
Columbia University
Columbia University
Columbia University
Columbia University
Columbia University 
Columbia University and self
Comsats Islamabad
Cornell University
Cornell University
Cornell University
Cornell University
Cornell University
Cornell University
Cornell University
Cornell University
Corning Inc.
Crowdstrike
Crs Soft
CU Boulder
CU Boulder
CU Denver
Cummins Inc
CUNY Hunter College
CUNY Hunter College
Cytovale
czi
Dana Farber Cancer Institute
Dana-Farber Cancer Institute
DanStem - University of Copenhagen
Dartmouth College
Dartmouth College
Dartmouth College
Datryllic LLC
Department of Defense
DFTWorks LLC
Diebold Nixdorf
Digital Research Alliance of Canada
Digitalkis Solutions
Discovery Partners Institute
"Discovery Partners Institute, UIC System, Chicago"
DocGo
Dog Genetics LLC
Dominion Energy
Drexel
Dryad Digital Repository
Duke University
Duke University
Duke University
Duke University
Durham University
Durham University
Durham University
Eagle Rock Analytics
Eagle Rock Analytics
East Carolina University
Eastside High School & University of Florida
Ecole Polytechnique
Eldritch Research
EMBL
Emory University
Emory University
Emory University
Emory University
Emory University
Endeavor Solutions
Energy Efficient HPC Working Group
ENSET Hassan II UNIVERSITY
Environment and Climate Change Canada
"EP Analytics, Inc."
ESI
ESI Group
ETH Zurich
ETH Zürich
evosoft
evosoft Hungary Ltd.
evosoft Hungary Ltd. (Siemens AG)
Ex- SDE Microsoft India R&D
Execusoft Solutions Inc
ExxonMobil
"F5 Networks, Inc"
Faculty of computers and artificial intelligence benha university medical informatics department and research intern at bioengineering department of Louisville university 
Federal Reserve Bank of Boston
Federal Reserve Bank of San Francisco
Federal University of Alagoas (UFAL)
Federal University of Rio Grande do Sul
Federal University of Sao Carlos (UFSCar)
FedEx
FedEx Corporate Services
Fermi National Accelerator Laboratory
Fermi National Accelerator Laboratory
Fermi National Accelerator Laboratory
Fermi National Accelerator Laboratory
Fermi National Accelerator Laboratory 
Fermilab
Fermilab
Fermilab
Fermilab
Fermilab
FireworkWeb
Fivetran
Flatiron 
Flatiron Institute
Flatiron Institute
Flatiron Institute
Flatiron Institute
Flatiron Institute
"Flatiron Institute, Simons Foundation"
"Flatiron Institute, Simons Foundation"
Florida International University
Florida International University
Florida State University
Florida State University
Fluence Energy
Fluid Numerics
Fluid Numerics LLC
Forward Health
Franklin & Marshall College
Fred Hutch
Fred Hutchinson Cancer Center
Fred Hutchinson Cancer Research Center
Fred Hutchinson Cancer Research Center (Fred Hutch)
Gdansk University of Technology
"Geophysics Institute, UNAM"
George Mason University
George Mason University
George Mason University
George Mason University
George Washington University
George Washington University
Georgetown University
Georgetown University
Georgia Inst. of Technology
Georgia Institute of Technology
Georgia Institute of Technology
Georgia Institute of Technology
Georgia Institute of Technology
Georgia Institute of Technology
Georgia Institute of Technology
Georgia Institute of Technology
Georgia Institute of Technology
Georgia Institute of Technology (PhD graduate)
Georgia State University
Georgia Tech
Georgia Tech
Georgia Tech
Georgia Tech
Georgia Tech
Georgia Tech
GitLab
GiveChief
GoGuardian
Google
Government
Government of Canada
Grambling State University
Great Plains Network
Green Air Care LLC
Gulf of Maine Research Institute
Gustavus Adolphus College
Harrisburg University of Science and Technology
Harvard
Harvard - Smithsonian CfA
Harvard Business School
Harvard Business School
Harvard Medical School
Harvard Medical School
Harvard School of Public Health 
Harvard T.H. Chan School of Public Health
Harvard T.H. Chan School of Public Health
Harvard University
Harvard University
Harvard University
Harvard University
Harvard University
Harvard University
Harvard University
Harvard University
Harvard University
Harvard University
Harvard University
Harvard University
Harvard University
Harvard University
Harvard University
Harvard University
Harvard University 
Harvard Unversity
HashiCorp
Haverford College
Health Research Institute
HealthPartners Institute
Helix
Hello PhD
Hewlett-Packard Enterprise
HHMI @ Stanford University
HHMI Janelia
HHMI Janelia Research Campus
Higher Colleges of Technology
HOPES 4 Kids
Howard Hughes Medical Institute
Howard Hughes Medical Institute 
HPE
IBM
IBM
IBM
IBM
IBM
IBM
IBM Research
IBM Research
Ibotta Inc
Icahn School of Medicine at Mount Sinai
Icahn School of Medicine at Mount Sinai
Icahn School of Medicine at Mount Sinai 
Idaho National Laboratory
Idaho National Laboratory
Idaho National Laboratory
Idaho National Laboratory
Idaho National Laboratory
Idaho National Laboratory 
Idaho State University
IDM
IHME
"IIT Bombay,India"
Illinois Institute of Technology
Illinois Institute of Technology
Illinois Institute of Technology
Illinois Institute of Technology 
Imperial College London
Imperial College London
Improving Aviation LLC
In Bootcamp
INAOE
Incomputable Systems Inc.
Independence Health Group
Independent
Independent
Indian Institute of Technology Kanpur 
Indiana University
Indiana University
Indiana University
Indiana University
Indiana University
Indiana University
Indiana University
Indiana University
Indiana University
Infleqtion
Information Sciences Institute / University of Southern California
"Information Sciences Institute, University of Southern California"
Innovim/NASA GSFC
Inovando Soluções Digitais
Inria
INRIA
"Institute for Disease Modeling,  Bill & Melinda Gates Foundation"
Institute for Health Metric and Evaluation
Institute for Health Metrics and Evaluation
Institute for systems biology 
Institute of Health Metrics and Evaluation
InsurTechnix
Intel Corporation
Intellectual Ventures
Intense Computing
Intermountain Health
International Brain Laboratory
Internet Society Ghana Chapter
Internet2
Internet2
Internet2
Internet2
Internet2
Invitae
Inzen Therapeutics
Iowa State University
IRIS PASSCAL New Mexico Institute of Mining and Technology 
ISA Software
IsoPlexis
Jacob Barhak Analytics
Janelia Research Campus
JHU Applied Physics Lab
JHU-APL
JHUAPL
Johns Hopkins
Johns Hopkins APL
Johns Hopkins Applied Physics Lab
Johns Hopkins University
Johns Hopkins University
Johns Hopkins University
Johns Hopkins University
Johns Hopkins University
Johns Hopkins University
Johns Hopkins University
Johns Hopkins University
Johns Hopkins University
Johns Hopkins University
Johns Hopkins University
Johns Hopkins University
Johns Hopkins University
Johns Hopkins University
Johns Hopkins University Applied Physics Lab
Johns Hopkins University Applied Physics Laboratory
Johns Hopkins University Applied Physics Laboratory 
Joint Genome Institute
JPL-Caltech
Karlsruhe Institute of Technology
KBR Inc.
Kennesaw State University
Kennesaw State University
Kennesaw State University
Kennesaw State University
Keyfactor
Khan Academy
Kitware
Kitware
Kitware
Kitware
Kitware
KTH
L&G Consultancy
Laboratory of Collective and Artificial Intelligence 
LANL
LANL
Lawrence Berkeley National Lab
Lawrence Berkeley National Lab
Lawrence Berkeley National Lab
Lawrence Berkeley National Lab
Lawrence Berkeley National Lab
Lawrence Berkeley National Lab
Lawrence Berkeley National Lab
Lawrence Berkeley National Lab
Lawrence Berkeley National Lab
Lawrence Berkeley National Lab
Lawrence Berkeley National Lab
Lawrence Berkeley National Lab
Lawrence Berkeley National Lab
Lawrence Berkeley National Lab
Lawrence Berkeley National Lab
Lawrence Berkeley National Lab
Lawrence Berkeley National Laboratory
Lawrence Berkeley National Laboratory
Lawrence Berkeley National Laboratory
Lawrence Berkeley National Laboratory
Lawrence Berkeley National Laboratory
Lawrence Berkeley National Laboratory
Lawrence Berkeley National Laboratory
Lawrence Berkeley National Laboratory
Lawrence Berkeley National Laboratory
Lawrence Berkeley National Laboratory
Lawrence Berkeley National Laboratory
Lawrence Berkeley National Laboratory
Lawrence Berkeley National Laboratory
Lawrence Berkeley National Laboratory
Lawrence Berkeley National Laboratory
Lawrence Berkeley National Laboratory
Lawrence Berkeley National Laboratory
Lawrence Berkeley National Laboratory
Lawrence Berkeley National Laboratory
Lawrence Berkeley National Laboratory
Lawrence Berkeley National Laboratory
Lawrence Berkeley National Laboratory
Lawrence Berkeley National Laboratory
Lawrence Berkeley National Laboratory
Lawrence Berkeley National Laboratory
Lawrence Berkeley National Laboratory
Lawrence Berkeley National Laboratory 
Lawrence Berkeley National Labs 
Lawrence Berkely National Laboratory
Lawrence Livermore National Lab
Lawrence Livermore National Lab
Lawrence Livermore National Lab
Lawrence Livermore National Lab
Lawrence Livermore National Laboratory
Lawrence Livermore National Laboratory
Lawrence Livermore National Laboratory
Lawrence Livermore National Laboratory
Lawrence Livermore National Laboratory
Lawrence Livermore National Laboratory
Lawrence Livermore National Laboratory
Lawrence Livermore National Laboratory
Lawrence Livermore National Laboratory
Lawrence Livermore National Laboratory
Lawrence Livermore National Laboratory
LBL
lbl
LBL
LBNL
LBNL
LBNL
LBNL
Lehigh University
Lehigh University
Lehigh University
Lehigh University
Leiden University
Lewis & Clark College
Lewis & Clark College 
Liberty University
Linux Accra User Group
LLNL
LLNL
LLNL
LLNS LLC
LM
Los Alamos National Lab
Los Alamos National Lab
Los Alamos National Laboratories
Los Alamos National Laboratory
Los Alamos National Laboratory
Los Alamos National Laboratory
Los Alamos National Laboratory
Los Alamos National Laboratory
Los Alamos National Laboratory
Los Alamos National Laboratory
Los Alamos National Laboratory
Los Alamos National Laboratory
Los Alamos National Laboratory
Los Alamos National Laboratory
Los Alamos National Laboratory
Los Alamos National Laboratory
Los Alamos National Laboratory
Los Alamos National Laboratory
Los Alamos National Laboratory
Los Alamos National Laboratory
Los Alamos National Laboratory
Los Alamos National Laboratory
Los Alamos National Laboratory
Los Alamos National Laboratory
Los Alamos National Laboratory 
Louisiana State University
LSU
"Luminary Apps, LLC"
Machine Translation
"Mak Superior, Fabrics and Electric Limied"
Marshall University
Marshall University 
Marshfield Clinic Research Institute
Massachusetts General Hospital / MIT
Massachusetts Institute of Technology
Massachusetts Institute of Technology
Massachusetts Institute of Technology
Massachusetts Institute of Technology
Massachusetts Institute of Technology
Massachusetts Institute of Technology
MathWorks
MathWorks
Max Planck Institute for Intelligent Systems
Mayo Clinic
"McGill University, Montreal Neurological Institute"
McLean Hospital
McMaster University
Mecpower agri Uganda limited
Medical College of Wisconsin
mellicell
Memorial Sloan Kettering Cancer Center
Memorial Sloan Kettering Cancer Center
Memorial Sloan Kettering Cancer Center (MSKCC)
Mercator-Ocean International
Meta
Metabase
Mghpcc
mghpcc
Michigan State University
Michigan State University
Michigan State University
Michigan State University
Michigan State University
Michigan State University
Michigan State University
Michigan State University
Michigan State University
Microsoft
Microsoft
Microsoft
Microsoft
Microsoft
Microsoft
Microsoft Corporation
Millennium
Million Concepts
Mississippi State University
Mississippi State University
Missouri University of Science and Technology 
MIT
MIT
MIT
MIT
MIT
MIT
MIT
MIT
MIT / MGH / HMS
MIT.
Moesif
Montana State University
Morgridge Institute for Research
Morning Consult
Mount Sinai
Mt. Saint Joseph University
Myraid
N/A
n/a
N/A
N/A
NASA
NASA
NASA
NASA - Innovim
NASA Exoplanet Science Institute / IPAC-Caltech
NASA Glenn Research Center
NASA Goddard
NASA Goddard Space Flight Center
NASA Goddard Space Flight Center
NASA Langley Research Center
NASA/JPL
National Center for Atmospheric Research
National Center for Atmospheric Research
National Center for Atmospheric Research
National Center for Atmospheric Research
National Center for Atmospheric Research
National Center for Atmospheric Research
National Center for Atmospheric Research
National Center for Atmospheric Research
National Center for Atmospheric Research
National Center for Atmospheric Research
National Center for Atmospheric Research
National Center for Atmospheric Research
National Center for Atmospheric Research
National Center for Atmospheric Research (NCAR)
National Center for Atmospheric Research (NCAR)
National Center for Supercomputing Applications
National Center for Supercomputing Applications
National Center for Supercomputing Applications
National Center for Supercomputing Applications
National Center for Supercomputing Applications
"National Heart, Lung, and Blood Institute"
"National Institute of Astrophysics, Optics and Electronics"
National Institute of Mental Health
National Institute of Standards and Technology
National Institute of Standards and Technology
National Institute of Standards and Technology
National Institutes of Health
National Institutes of Health
National Institutes of Health 
National Radio Astronomy Observatory
National Radio Astronomy Observatory
National Renewable Energy Lab
National Renewable Energy Lab
National Renewable Energy Lab (NREL)
National Renewable Energy Laboratory
National Renewable Energy Laboratory
National Renewable Energy Laboratory
National Renewable Energy Laboratory
National Renewable Energy Laboratory
National Renewable Energy Laboratory
National Renewable Energy Laboratory
National Renewable Energy Laboratory
National Renewable Energy Laboratory
National Renewable Energy Laboratory
National Renewable Energy Laboratory
National Renewable Energy Laboratory 
National Renewable Energy Laboritory
National Solar Observatory
National University of Singapore
Nationwide Children's Hospital
Nationwide Children's Hospital
Naval Nuclear Laboratory 
Naval Postgraduate School
Naval Postgraduate School
"Naval Research Lab, Stennis"
"Nazeer Hussain University, Karachi, Pakistan"
NBC News
NCAR
NCAR
NCAR
NCAR
NCAR
NCAR
NCAR
NCAR
NCAR/UCAR
NCAR/UCAR
NCAR/UCAR
NCAR/UCAR
NCSA
Netherlands eScience Center
New Emerald
New Jersey Institute of Technology
New Jersey Institute of Technology (NJIT)
New Mexico
New Mexico State University
New Orleans Baptist Theological Seminary
New Orleans Baptist Theological Seminary 
New York Structural Biology Center
New York Univeristy
New York University
New York University
New York University
New York University
New York University
New York University
New York University Langone Health
NextSilicon
NextSilicon
NextSilicon
NHLBI / NIH
NIH
NIH
NIH
NIH/NICHD
NIST
NIST
NIST
NIST
NIT Durgapur
NKI
NOAA
NOAA Air Resources Lab
NOIRLab
North American University
North Carolina State University
North Carolina State University
North Carolina State University
North Carolina State University
North Carolina State University
North Carolina State University
North Carolina State University
North Carolina State University
Northeastern University
Northeastern University
Northeastern University
Northern Arizona University
Northern Arizona University
Northern Arizona University
Northwestern University
Northwestern University
Northwestern University
Northwestern University
Northwestern University
Northwestern University
Northwestern University
Northwestern University
Northwestern University
Northwestern University
Northwestern University
Northwestern University
Northwestern University
Northwestern University
Northwestern University
Northwestern University
Northwestern University
Northwestern University
Northwestern University
Northwestern university 
Northwestern University 
Novena University Isikagumia Amia Kwale Delta State.
Novi Labs
NREL
NREL
NREL
NREL
NREL
NREL
NREL-National Renewable Energy Laboratory
NSF
NSF's NOIRLab
NSF/Kean
NSIDC
Nuance Communications
NumFOCUS/NASA
NVIDIA
NVIDIA
Nvidia
NVIDIA
NVIDIA
NVIDIA
NVIDIA
NVIDIA Corporation
NYIT
nyu
NYU
NYU
NYU CNS
NYU Langone Health
Oak Ridge National Lab
Oak Ridge National Lab
Oak Ridge National Lab
Oak Ridge National Lab
Oak Ridge National Lab
Oak Ridge National Lab 
Oak Ridge National Laboratory
Oak Ridge National Laboratory
Oak Ridge National Laboratory
Oak Ridge National Laboratory
Oak Ridge National Laboratory
Oak Ridge National Laboratory
Oak Ridge National Laboratory
Oak Ridge National Laboratory
Oak Ridge National Laboratory
Oak Ridge National Laboratory
Oak Ridge National Laboratory
Oak Ridge National Laboratory
Oak Ridge National Laboratory
Oak Ridge National Laboratory
Oak Ridge National Laboratory
Oak Ridge National Laboratory
Oak Ridge National Laboratory
Oak Ridge National Laboratory
Oak Ridge National Laboratory
Oak Ridge National Laboratory
Oak Ridge National Laboratory
Oak Ridge National Laboratory
Oak Ridge National Laboratory
Oak Ridge National Laboratory
Oak Ridge National Laboratory
Oak Ridge National Laboratory
Oak Ridge National Laboratory
Oak Ridge National Laboratory
Oak Ridge National Laboratory
Oak Ridge National Laboratory
Oak Ridge National Laboratory
Oak Ridge National Laboratory
Oak Ridge National Laboratory
Oak Ridge National Laboratory
Oak Ridge National Laboratory
Oak Ridge National Laboratory
Oak Ridge National Laboratory
Oak Ridge National Laboratory
Oak Ridge National Laboratory
Oak Ridge National Laboratory
Oak Ridge National Laboratory
Oak Ridge National Laboratory
Oak Ridge National Laboratory
Oak Ridge National Laboratory (ORNL)
Object Automation system Solutions Private Limited 
Observatoire des Sciences de l'Univers Pythéas
Ohio State University
Ohio State University
Ohio State University
Ohio State University
Ohio Supercomputer Center
OHSU
Oklahoma State University
Old Dominion University
OLS MENTEE
OMSF
Open Force Field
Open Molecular Software Foundation
Optum
Oral Roberts University
Oregon Health & Science University
Oregon Institute of Technology 
Oregon State University
Oregon State University
Oregon State University
ORNL
ORNL
ORNL
ORNL
ORNL 
OSU
Pacific Northwest National Lab
Pacific Northwest National Lab
Pacific Northwest National Laboratory
Pacific Northwest National Laboratory
Pacific Northwest National Laboratory
Pacific Northwest National Laboratory
Pacific Northwest National Laboratory
Pacific Northwest National Laboratory
"Paradigm4, Inc"
Pasadena City College
Pasteur Labs
Patsnap
Penn State
Penn State
Penn State
Penn State
Penn State
Penn State
Penn State
Penn State 
Penn State University
Penn State University
Penn State University
Penn State University
Penn State University
Penn State University
Penn State University 
Pennsylvania State University
Pennsylvania State University
Perimeter Institute for Theoretical Physics
Perimeter Institute for Theoretical Physics
"Pfizer, Inc."
Phoenix Bioinformatics
Pima Community College
Pine Research Instrumentation 
Pittsburgh Supercomputing Center 
PNNL
PNNL
PNNL
Polyneme LLC
Pomona College
Portland State University
Postlight
PPPL
Predictive Science Inc.
Princeton Plasma Physics Lab
Princeton Plasma Physics Laboratory
Princeton Plasma Physics Laboratory
Princeton University
Princeton University
Princeton University
Princeton University
Princeton University
Princeton University
Princeton University
Princeton University
Princeton University
Princeton University
Princeton University
Princeton University
Princeton University
Princeton University
Princeton University
Princeton University
Princeton University
Princeton University
Princeton University
Princeton University
Princeton University
Princeton University
Princeton University
Princeton University
Princeton University
Princeton University
Princeton University
Princeton University
Princeton University
Princeton University
Princeton University
Princeton University
Princeton University
Princeton University
Princeton University
Princeton University
Princeton University
Princeton University 
"Proclink consulting services, India"
Prospero Knowledge Brokers
Pune Institute of Computer Technology
Purdue Fort Wayne
Purdue University
Purdue University
Purdue University
Purdue University
Purdue University
Purdue University
Purdue University
Purdue University
Purdue University
Purdue University
Purdue University
Purdue University
Purdue University
Purdue University 
Purple Workshops
pyOpenSci
"Q-Chem, Inc."
"Q-Chem, Inc."
Q-State Biosciences
Qualtrics & BYU
Quansight Labs
Queen Mary University of London
Radboud University
RAND Corporation
RAND Corporation
RAND Corporation
Rand Merchant Bank
Raytheon BBN
Renaissance Computing Institute
Renaissance Computing institute 
RENOIR CONSULTING
ReSA
Research Computing Teams
research for bank industry
Research Software Alliance
Research Software Alliance (ReSA); Digital Research Alliance of Canada 
Rice University
Rice University
Rice University
Rice University
Rice University
Rice University
Roku
Ronin Institute
rOpenSci
Roswell Park Cancer Institute
Rozetka.ua
Rutgers University
Rutgers University
Rutgers University
Rutgers University
Ryan Alexander Consulting
Sage Bionetworks
SAIC
Saint Louis University
San Diego State University
San Diego State University
San Diego State University
San Diego Supercomputer Center
"San Diego Supercomputer Center, UC San Diego"
San Diego Supercomputing Center
San Jose State University
San Jose State University
Sandia
Sandia Natioal Laboratories
Sandia National Laboratories
Sandia National Laboratories
Sandia National Laboratories
Sandia National Laboratories
Sandia National Laboratories
Sandia National Laboratories
Sandia National Laboratories
Sandia National Laboratories
Sandia National Laboratories
Sandia National Laboratories
Sandia National Laboratories
Sandia National Laboratories
Sandia National Laboratories
Sandia National Laboratories
Sandia National Laboratories
Sandia National Laboratories
Sandia National Laboratories
Sandia National Laboratories
Sandia National Laboratories
Sandia National Laboratories
Sandia National Laboratories
Sandia National Laboratories
Sandia National Laboratories
Sandia National Laboratories 
Sandia National Laboratories 
Sandia National Laboratory
Sandia National Laboratory
Sandia National Labs
Sandia National Labs
Sandia National Labs
Sandia National Labs
Sandia National Labs
Sandia National Labs
Sandia National Labs
Sandia National Labs
Sciugo
Scoot Science
Scripps Institution of Oceanography
Scripps Research
Seattle Children's Hospital
Self employed
Self employed 
self-employed / contractor with SIMIODE.org
Semper Cogito Consulting
Sensimetrics Corporation
Serviço Federal de Processamento de Dados - SERPRO
SFSU
Simons Foundation
Simons foundation
Simons Foundation
Simons Foundation 
Siri Info Systems Inc
SIUE
SLAC
SLAC National Accelerator Lab
SLAC National Accelerator Laboratory
SLAC/Stanford
SLAC/Stanford
SLB
Smithsonian Astrophysical Observatory
Smithsonian Institution
Snap Inc
SNL
"Sorbonne Université, Paris"
Southern Methodist University
Southwestern Oklahoma State University
Space Telescope Science Institute
Space Telescope Science Institute
Space Telescope Science Institute
Space Telescope Science Institute
Space Telescope Science Institute
Space Telescope Science Institute
Space Telescope Science Institute
Speridian Technologies
Speridian Technologies 
St. Jude Children's Research Hospital
Stanford
Stanford
Stanford
Stanford
Stanford
Stanford
Stanford
Stanford Graduate School of Business
Stanford Health Care
Stanford Medicine
Stanford University
Stanford University
Stanford University
Stanford University
Stanford University
Stanford University
Stanford University
Stanford University
Stanford University
Stanford University
Stanford University
Stanford University
Stanford University
Stanford University
Stanford University
Stanford University
Stanford University
Stanford University
Stanford University
Stanford University
Stanford University
Stanford University
Stanford University
Stanford University
Stanford University
Stanford University
Stanford University
Stanford University
Stanford University
Stanford University
Stanford University
Stanford University
Stanford University
Stanford University School of Medicine
"Stanford University, SLAC"
Stanford Universoty
Stealth startup
Stellenbosch University
Stoke Space
STScI
Student
Student
SUNY College of Environmental Science and Forestry
SUNY-ESF
Superbloom (U.S. design and research nonprofit) 
Sustainable Horizons Institute
Swansea University
SYF Nepal
Symbotic
Tandem
taskmere
Tata Consultancy Services
Tata Consultancy services limited 
TaxBit
TCS
Technical University of Munich
Tel Aviv University
Telethon Kids Institute
Temple University
Temple University
Tennessee Technological University
Texas A&M University
Texas A&M University
Texas A&M University
Texas A&M University 
Texas Advanced Computing Center
Texas Christian University
Texas State University
Texas tech University
Texas Tech University
TGS
The Broad Institute
The Chinese University of Hong Kong
The Georgia Institute of Technology
The HDF Group
The HDF Group
The HDF Group
The HDF Group
The Hospital for Sick Children
The Jackson Laboratory
The Jackson Laboratory 
The Johns Hopkins University
The Molecular Sciences Software Institute
The Ohio State University
The Ohio State University
The Ohio State University
The Ohio State University
The Ohio State University
The Ohio State University
The Ohio State University College of Medicine 
The Pennsylvania State University
The Pennsylvania State University
The Research Software Company
The University of Arizona
The University of Arizona
The University of Chicago
The University of Chicago
The university of Chicago 
The University of Dodoma
"The University of Jordan, Aqaba"
"The University of Melbourne, Australia"
The University of Texas at Austin
The University of Texas at El Paso
The University of Tulsa
The University of Washington
"The Wharton School, The University of Pennsylvania"
TikTok
Tilburg University
TileDB
Topos Institute
Tops Institute
Treebeard
Trizetto
Truveta
TSESSEBE Technologies 
TSESSEBE Technologies 
TU Delft University
Tuck School of Business @ Dartmouth
Tufts University
Tulane University
Tulane University
U of maryland
U.S. EPA & UNC Chapel Hill
Uber ATG
UC Berkeley
UC Berkeley
UC Berkeley/Lawrence Berkeley National Laboratory
UC Riverside
UC Riverside
UC San Diego
UC San Diego
UC San Diego (2019-2023); Stanford University (2023—)
UC Santa Barbara
UC Santa Cruz
UC Santa Cruz
UCAR
UCAR
UCAR
UCAR
UCAR/NCAR
UCL
UCLA
UCLA
UCLA
UCLA
UCLA
UCLA Health
UCLA Health
UCLA Jonsson Comprehensive Cancer Center
UCSB
UCSB
UCSB
UCSD
UCSD
UIC
UIUC
UIUC
UIUC
UIUC
uiuc.edu
UK Atomic Energy Authority
UMass Chan Medical School
UNC Chapel Hill
"UNC, Chapel Hill"
Uniformed Services Unversity of the Health Sciences
United States Geological Survey
univeristy of illinois chicago
Universidad de Buenos Aires
Universidad Nacional de Colombia
Universidad Nacional de Ingenieria
Universidad Nacional de San Juan
University at Albany
University at Buffalo
University at Buffalo
university at buffalo
"University at Buffalo, The State University of New York"
University Center Academia
University College London
University College London
University College London
University College London
University College London 
University Corporation for Atmospheric Research
University Corporation for Atmospheric Research
University Corporation for Atmospheric Research
University Corporation for Atmospheric Research
University Corporation for Atmospheric Research
University of Alabama
University of Alabama
University of Alabama at Birmingham
University of Alabama at Birmingham
University of Alabama at Birmingham
University of Alaska 
University of Alaska - Fairbanks
University of Alaska Fairbanks
University of Alaska Fairbanks
University of Arizona
University of Arizona
University of Arizona
University of Arizona
University of Arizona
University of Arizona
University of Arizona
University of Arizona
University of Arizona
University of Arizona
University of Arizona
University of Arkansas
University of Arkansas
University of Arkansas
University of Birmingham
University of Birmingham
"University of Birmingham, UK"
University of British Columbia
University of British Columbia
University of Calgary
University of California
University of California at Santa Barbara
University of California Merced
University of California San Diego
University of California San Diego
University of California San Diego
University of California San Diego
University of California San Diego
University of California San Diego
University of California San Diego
University of California San Diego
University of California Santa Barbara
"University of California-Los Angeles - Los Angeles, CA"
"University of California, Berkeley"
"University of California, Berkeley"
"University of California, Berkeley"
"University of California, Davis"
"University of California, Davis"
"University of California, Irvine"
"University of California, Irvine"
"University of California, Los Angeles"
"University of California, Los Angeles"
"University of California, Los Angeles "
"University of California, Merced"
"University of California, Riverside"
"University of California, Riverside"
"University of California, San Diego"
"University of California, San Diego"
"University of California, San Diego"
"University of California, San Diego"
"University of California, San Diego"
"University of California, San Diego"
"University of California, San Diego"
"University of California, San Francisco"
"University of California, San Francisco"
"University of California, Santa Barbara"
"University of California, Santa Barbara "
University of Central Florida
University of Central Florida
University of Central Florida 
University of Central Florida 
University of Central Oklahoma
University of Chicago
University of Chicago
University of Chicago
University of Chicago
University of Chicago
University of Chicago
University of Chicago
University of Chicago
University of Chicago
University of Chicago
University of Chicago
University of Chicago
University of Chicago
University of Chicago
University of Chicago
University of Chicago
University of Chicago
University of Chicago
University of Chicago
University of Chicago
University of Chicago
University of Chicago
University of Chicago (Globus)
University of Chicago (Globus)
university of Cincinnati
University of Cincinnati
University of Cologne
University of Colorado
University of Colorado
University of Colorado
University of Colorado
University of Colorado Anschutz Medical Campus
University of Colorado at Boulder
University of Colorado at Boulder
University of Colorado Boulder
University of Colorado Boulder
University of Colorado Boulder
University of Colorado Boulder
University of Colorado Boulder
University of Colorado Boulder
University of Colorado Boulder
University of Colorado Boulder
University of Colorado Boulder
University of Colorado Boulder
University of Colorado Boulder
University of Colorado Denver
University of Colorado Denver
"University of Colorado, Anschutz Medical Campus"
"University of Colorado, Boulder"
University of Connecticut
university of Delaware
University of Delaware
University of Delaware
University of Delaware
University of Delaware
University of Delaware
University of Delaware
University of Delaware
University of Delhi
University of Denver
University of Dundee
University of East Anglia
University of Edinburgh
University of Edinburgh
University of Edinburgh
University of Edinburgh
University of Edinburgh
University of Edinburgh 
University of Exeter
University of Exeter
University of Florida
University of Florida
University of Florida
University of Florida
University of Florida
University of Florida
University of Georgia
University of Georgia
University of Georgia
University of Georgia
University of Georgia
University of Georgia 
University of Glasgow
University of Hawaiʻi
University of Hawaii
University of Hawaii
University of Hawaii
University of Hawaii at Manoa
University of Houston
University of Huddersfield
University of Iceland
University of Illinois
University of Illinois
University of Illinois
University of Illinois
University of Illinois
University of Illinois
University of Illinois
University of Illinois
University of Illinois
University of Illinois
University of Illinois
University of Illinois
University of Illinois
University of Illinois
University of Illinois
University of Illinois
University of Illinois
University of Illinois
University of Illinois at Chicago
University of Illinois at Chicago
University of Illinois at Chicago
university of illinois at chicago
University of Illinois at Urbana Champaign
University of Illinois at Urbana Champaign
University of Illinois at Urbana-Champaign
University of Illinois at Urbana-Champaign
University of Illinois at Urbana-Champaign
University of Illinois at Urbana-Champaign
University of Illinois at Urbana-Champaign
University of Illinois at Urbana-Champaign
University of Illinois at Urbana-Champaign
University of Illinois at Urbana-Champaign
University of Illinois at Urbana-Champaign
University of Illinois at Urbana-Champaign
University of Illinois at Urbana-Champaign
University of Illinois at Urbana-Champaign
University of Illinois at Urbana-Champaign
University of Illinois at Urbana-Champaign
University of Illinois at Urbana-Champaign
University of Illinois Chicago
University of Illinois Chicago
University of Illinois Chicago
University of Illinois Chicago
University of Illinois Chicago
University of Illinois Urbana Champaign
University of Illinois Urbana-Champaign
University of Illinois Urbana-Champaign
University of Illinois Urbana-Champaign
University of Illinois Urbana-Champaign
University of Illinois Urbana-Champaign 
"University of Illinois, Chicago"
"University of Illinois, Vocable Communications, LLC "
University of Iowa
University of Iowa
University of Iowa
University of Iowa
University of Iowa
University of Iowa
University of Iowa
University of Iowa
University of Kansas
University of Kansas Medical Center
University of Kentucky
University of Kentucky
University of Kentucky
University of Kentucky
University of Kentucky 
University of Louisville; Million Concepts
University of Lucknow 
University of Luxembourg
University of Maryland
University of Maryland
University of Maryland
University of Maryland
University of Maryland
University of Maryland
"University of Maryland, Baltimore County"
"University of Maryland, College Park"
"University of Maryland, College Park"
University of Massachusetts
University of Massachusetts
University of Memphis
University of Memphis
University of Michigan
University of Michigan
University of Michigan
University of Michigan
University of Michigan
University of Michigan
University of Michigan
University of Michigan
University of Michigan
University of Michigan
University of Michigan
University of Michigan
University of Michigan
University of Michigan
University of Michigan
University of Michigan
University of Michigan
University of Michigan
University of Michigan
University of Michigan
University of Michigan - Ann Arbor
"University of Michigan, Ann Arbor"
University of Minnesota
University of Minnesota
University of Minnesota
University of Minnesota
University of Minnesota
University of Minnesota
University of Minnesota
University of Misouri
University of Missouri
University of Missouri
University of Missouri
University of Mons
University of Nebraska at Omaha
"University of Nevada, Las Vegas"
"University of Nevada, Reno"
"University of Nevada, Rneo"
University of New Hampshire
University of New Hampshire
University of New Hampshire
University of New Mexico
University of New Mexico
University of New Mexico
University of North Carolina
University of North Carolina at Chapel Hill
University of North Carolina at Charlotte
University of North Carolina Wilmington
"University of North Carolina, Chapel Hill"
University of North Florida
University of North Florida 
University of North Texas 
University of Notre Dame
University of Notre Dame
University of Notre Dame
University of Notre dame
University of Notre Dame
University of Notre Dame
University of Notre Dame
University of Notre Dame
University of Notre Dame
University of Notre Dame
University of Notre Dame
University of Notre Dame
University of Oklahoma
University of Oklahoma Health Sciences Center
University of Oklahoma Health Sciences Center
University of Oregon
University of Oregon
University of Oxford
University of Oxford
University of Pennsylvania
University of Pennsylvania
University of Pennsylvania
University of Pennsylvania
University of Pennsylvania
University of Pennsylvania
University of Pennsylvania
University of Pennsylvania
University of Pennsylvania
University of Pennsylvania
University of Pittsburgh
University of Pittsburgh
University of Pittsburgh
University of Pittsburgh
University of Pittsburgh
University of Pittsburgh
University of Pittsburgh
University of Pittsburgh
University of Pittsburgh
University of Pittsburgh
University of Pittsburgh 
University of Pittsburgh 
University of port harcourt 
University of Reading
University of Rhode Island 
University of Rostock
University of South Africa
University of South Alabama
University of South Florida
University of Southampton
University of Southampton
University of Southern California
University of Southern California
University of Southern California
University of Tennessee
"University of Tennessee, Knoxville"
"University of Tennessee, Knoxville"
University of Texas at Austin
University of Texas at Austin
University of Texas at Austin
University of Texas at Austin
University of Texas at Austin
University of Texas at Austin
University of Texas at Austin
University of Texas at Dallas
University of Texas at El Paso
University of Texas at San Antonio
University of Texas at San Antonio
University of Texas Austin
University of Texas Rio Grande Valley 
University of the People
University of Toronto
University of Toronto
University of Toronto
University of Toronto
University of Toronto
University of Tulsa
University of Utah
University of Utah
University of Utah
University of Utah
University of Utah
University of Utah
University of Utah
University of Utah
University of Utah
University of Utah Health
University of Vermont
University of Victoria
University of Virginia
University of Virginia
University of Virginia
University of Washington
University of Washington
University of Washington
University of Washington
University of Washington
University of Washington
University of Washington
University of Washington
University of Washington
University of Washington
University of Washington
University of Washington
University of Washington
University of Washington
University of Washington
University of Washington
University of Washington
University of Washington
University of Washington
University of Washington
University of Washington
University of Washington
University of Washington
University of Washington
University of Washington
University of Washington 
University of Washington 
University of Washington Seattle
University of Waterloo
University of Wisconsin - Madison
University of Wisconsin - Madison
University of Wisconsin - Madison
University of Wisconsin - Madison
University of Wisconsin - Madison
University of Wisconsin - Milwaukee
University of Wisconsin-Madison
University of Wisconsin-Madison
University of Wisconsin-Madison
University of Wisconsin-Madison
University of Wisconsin-Madison
University of Wisconsin-Madison
University of Wisconsin-Madison
University of Wisconsin-Madison
University of Wisconsin-Madison
University of Wisconsin-Madison
University of Wisconsin–Madison
University of Wisconsin–Madison
University of Wyoming
University of Wyoming
University of Wyoming
University of Wyoming
University of Wyoming
University of Wyoming
University of Wyoming
University of Wyoming
US Air Force
US Naval Research Laboratory
US Naval Research Laboratory 
USC
USC Viterbi Engineering
USDA-Forest Products Laboratory 
USGS
USGS EESC
USRA
USUHS
UT Austin
UT Austin
UT Southwestern Medical Center
UT-Battelle
UTAS-Sur
UTSW
UW Madison
VA
Vanderbilt University
Vanderbilt University
Vanderbilt University
Vanderbilt University
Vanderbilt University
Vanderbilt University
Vanderbilt University 
Vanderbilt University 
Vanderbilt University Medical Center
Vanderbilt University Medical Center
Versiti Blood Research Institute
Victor Chang Cardiac Research Institute
Virginia Polytechnic Institute and State University
Virginia Tech
Virginia Tech
Virginia Tech
Virginia Tech
Virginia Tech
Virginia Tech
Virginia Tech
virginia tech
Virginia Tech
Virginia Tech 
VMware
VS Niketan College
"VTS-Group, LLC"
Walton Institute
Washington State University
Washington State University
Washington University in St. Louis
Washington University in St. Louis
Washington University in St. Louis School of Medicine
Washinton University in St Louis
WaveAccess
WEHI
Wellesley college
West Virginia University Institute of Technology
Western Colorado University
Western University
Wharton / University of Pennsylvania 
Wichita State University / Textron Aviation
Yale
Yale University
Yale University
Yale University
Yale University
Yale University
Yale University
Yale University
Yikes LLC
Yonsei University College of Medicine
Zhongke Inno (Beijing) Medical Research Institute